{
  "type": "FeatureCollection",
  "name": "ccz_management_area",
  "data_origin": "LITERATURE",
  "citation": "International Seabed Authority (2023). The geographical limits of the Clarion-Clipperton Zone management area, exploration areas, reserved areas and areas of particular environmental interest (APEIs) \u2014 ISBA/17/LTC/7, ISBA/18/C/22, ISBA/26/C/58, ISBA/26/C/43. Digitised and redistributed by Marine Regions (Flanders Marine Institute) as MRGID 64222, gazetteer entry last edited 2023-03-13, retrieved 2026-08-25 via the geo.vliz.be WFS. Ledger row: src_ccz_boundary_marineregions in data/sources/source_queue.yaml.",
  "$comment": "CONTRACT 2 \u2014 Study-area / AOI geometry. GeoJSON (RFC 7946): coordinates are [longitude, latitude] in WGS84 / CRS84 by definition, so no 'crs' member is included. THE AOI IS THE REGION THIS PROJECT IS ABOUT, NOT THE REGION THE MODEL MAY PREDICT OVER (G.2, Karl's decision 2026-08-25, option (b)). The two were tangled and are now separate: this polygon is externally defined, never moves as the corpus grows, and is THE DENOMINATOR for coverage \u2014 'x% of the CCZ has variogram support' means nothing if the CCZ moves. WHERE THE MODEL MAY EMIT VALUES is a different question, already answered elsewhere and NOT by this file: PredictionGrid.from_stack() inherits the feature stack's extent and manifest.prediction_grid records it per run. NOTHING FILTERS OR CLIPS ON THIS POLYGON TODAY (verified G.2-PRE: FileTerrainSource.load() accepts a StudyArea and never references it) \u2014 its consumers are the coverage block, the contract_versions hash, and the corpus manifest's descriptive containment count. GEOMETRY PROVENANCE: the coordinates are VERBATIM from the raw Marine Regions WFS response preserved at data/aoi/sources/ccz_management_area_mrgid64222.geojson (sha256 98aa2a83ad5fe071...); ONLY the properties were rewritten, because Contract 2 requires area_id/name and the download carries {'dummy': 0, 'mrgid': 64222}. tests/test_study_area_aoi.py asserts the two geometries are equal, so the edit cannot drift. THE TWO-PART MULTIPOLYGON IS THE PUBLISHER'S AND IS KEPT (G.2 decision): part 0 is a 1.41 km2 triangle that TOUCHES the main polygon at exactly one point \u2014 its own ring-closure vertex (-159.08957834, 7.79794191) \u2014 i.e. a digitisation spur at the seam, not an island. Kept rather than dropped so the geometry still verifies against the source; recorded here so no library resolves it by accident. Its area is 0.0000123% of the total and changes no coverage figure at any precision this project quotes.",
  "features": [
    {
      "type": "Feature",
      "properties": {
        "area_id": "ccz_management_area",
        "name": "Clarion-Clipperton Zone management area (MRGID 64222)",
        "placeholder": false,
        "mrgid": 64222,
        "source_id": "src_ccz_boundary_marineregions",
        "crs_note": "WGS84 / EPSG:4326 per RFC 7946",
        "authority_note": "A REDISTRIBUTION, not the primary record. ISA's own Esri shapefiles at isa.org.jm/exploration-contracts/maps/ are primary; this polygon is Marine Regions' digitisation of the ISBA-document limits. The gazetteer status is 'Proposed standard', last edited 2023-03-13, and the documents it cites run to ISBA/26/C/58 \u2014 if ISA has revised the limits since, this polygon would not reflect it.",
        "self_description_note": "The source file vouches for NOTHING: its properties are {'dummy': 0, 'mrgid': 64222} \u2014 no name, no citation, no date, no licence. Every piece of provenance therefore lives in this declaration and the ledger row, with nothing embedded to cross-check against. Contrast GEBCO, whose own documentation supplied its DERIVED evidence."
      },
      "geometry": {
        "type": "MultiPolygon",
        "coordinates": [
          [
            [
              [
                -159.08957834,
                7.79794191
              ],
              [
                -159.0509,
                7.784109
              ],
              [
                -159.1088,
                7.79887778
              ],
              [
                -159.08957834,
                7.79794191
              ]
            ]
          ],
          [
            [
              [
                -159.08957834,
                7.79794191
              ],
              [
                -159.24724665,
                7.85433036
              ],
              [
                -159.37462288,
                7.9177277
              ],
              [
                -159.37462254,
                7.91772818
              ],
              [
                -159.36072324,
                7.93730551
              ],
              [
                -159.36727874,
                7.94995725
              ],
              [
                -159.3748583,
                7.96440915
              ],
              [
                -159.37514235,
                7.96494747
              ],
              [
                -159.38299658,
                7.97973921
              ],
              [
                -159.39092535,
                7.99449153
              ],
              [
                -159.39892846,
                8.00920403
              ],
              [
                -159.40700571,
                8.02387638
              ],
              [
                -159.41515692,
                8.03850818
              ],
              [
                -159.4233819,
                8.05309907
              ],
              [
                -159.43168043,
                8.06764868
              ],
              [
                -159.44005232,
                8.08215665
              ],
              [
                -159.44849737,
                8.0966226
              ],
              [
                -159.45701538,
                8.11104617
              ],
              [
                -159.46560614,
                8.12542701
              ],
              [
                -159.47426943,
                8.13976474
              ],
              [
                -159.48300505,
                8.15405901
              ],
              [
                -159.49181279,
                8.16830944
              ],
              [
                -159.50069243,
                8.18251569
              ],
              [
                -159.50964377,
                8.1966774
              ],
              [
                -159.51866657,
                8.2107942
              ],
              [
                -159.52776064,
                8.22486574
              ],
              [
                -159.53692573,
                8.23889166
              ],
              [
                -159.54616163,
                8.25287161
              ],
              [
                -159.55546811,
                8.26680523
              ],
              [
                -159.56484495,
                8.28069218
              ],
              [
                -159.57429192,
                8.2945321
              ],
              [
                -159.58380879,
                8.30832464
              ],
              [
                -159.59220789,
                8.32037494
              ],
              [
                -159.59365073,
                8.32243423
              ],
              [
                -159.6033067,
                8.33613097
              ],
              [
                -159.61303188,
                8.3497793
              ],
              [
                -159.622826,
                8.36337885
              ],
              [
                -159.63268884,
                8.37692929
              ],
              [
                -159.64262017,
                8.39043028
              ],
              [
                -159.65261973,
                8.40388147
              ],
              [
                -159.66268728,
                8.41728253
              ],
              [
                -159.67282258,
                8.43063311
              ],
              [
                -159.68302537,
                8.44393288
              ],
              [
                -159.69329541,
                8.45718149
              ],
              [
                -159.70363243,
                8.47037862
              ],
              [
                -159.7140362,
                8.48352393
              ],
              [
                -159.72450645,
                8.49661707
              ],
              [
                -159.73504293,
                8.50965775
              ],
              [
                -159.74564538,
                8.5226456
              ],
              [
                -159.75631354,
                8.5355803
              ],
              [
                -159.76704713,
                8.54846153
              ],
              [
                -159.76955996,
                8.55145815
              ],
              [
                -159.77930119,
                8.56302352
              ],
              [
                -159.79016491,
                8.57579684
              ],
              [
                -159.79338819,
                8.57956172
              ],
              [
                -159.80113449,
                8.58856376
              ],
              [
                -159.81212724,
                8.60122786
              ],
              [
                -159.82318409,
                8.61383686
              ],
              [
                -159.83430479,
                8.62639044
              ],
              [
                -159.84548904,
                8.6388883
              ],
              [
                -159.85673657,
                8.65133009
              ],
              [
                -159.86804711,
                8.66371553
              ],
              [
                -159.87942037,
                8.67604429
              ],
              [
                -159.89085607,
                8.68831605
              ],
              [
                -159.90235393,
                8.70053051
              ],
              [
                -159.90878654,
                8.70731051
              ],
              [
                -159.91643027,
                8.71533529
              ],
              [
                -159.92805166,
                8.72743423
              ],
              [
                -159.93973436,
                8.73947493
              ],
              [
                -159.95147806,
                8.75145711
              ],
              [
                -159.96248984,
                8.76258355
              ],
              [
                -159.9636409,
                8.76374093
              ],
              [
                -159.97550576,
                8.7756051
              ],
              [
                -159.98561217,
                8.78561727
              ],
              [
                -159.98859742,
                8.78856126
              ],
              [
                -160,
                8.79973563
              ],
              [
                -160,
                18.34230906
              ],
              [
                -159.99776781,
                18.34263195
              ],
              [
                -159.99040181,
                18.34371095
              ],
              [
                -159.97310181,
                18.34630594
              ],
              [
                -159.95581481,
                18.34898094
              ],
              [
                -159.93854181,
                18.35173695
              ],
              [
                -159.92128381,
                18.35457394
              ],
              [
                -159.90403881,
                18.35749195
              ],
              [
                -159.88680981,
                18.36048995
              ],
              [
                -159.86959581,
                18.36356895
              ],
              [
                -159.85239681,
                18.36672795
              ],
              [
                -159.83521481,
                18.36996795
              ],
              [
                -159.82576081,
                18.37179594
              ],
              [
                -159.81270881,
                18.36497495
              ],
              [
                -159.79730381,
                18.35701894
              ],
              [
                -159.78185981,
                18.34913495
              ],
              [
                -159.76637581,
                18.34132295
              ],
              [
                -159.75085281,
                18.33358395
              ],
              [
                -159.73529081,
                18.32591795
              ],
              [
                -159.71969081,
                18.31832495
              ],
              [
                -159.70405181,
                18.31080395
              ],
              [
                -159.69777581,
                18.30781195
              ],
              [
                -159.68762281,
                18.30299995
              ],
              [
                -159.67190981,
                18.29562694
              ],
              [
                -159.65615881,
                18.28832694
              ],
              [
                -159.64037181,
                18.28110194
              ],
              [
                -159.62454781,
                18.27394994
              ],
              [
                -159.60868781,
                18.26687294
              ],
              [
                -159.59279281,
                18.25986994
              ],
              [
                -159.57686281,
                18.25294194
              ],
              [
                -159.56089881,
                18.24608794
              ],
              [
                -159.54489881,
                18.23930894
              ],
              [
                -159.52886581,
                18.23260594
              ],
              [
                -159.51279881,
                18.22597694
              ],
              [
                -159.49669881,
                18.21942394
              ],
              [
                -159.48056581,
                18.21294694
              ],
              [
                -159.46440081,
                18.20654494
              ],
              [
                -159.44820381,
                18.20021894
              ],
              [
                -159.43197481,
                18.19396794
              ],
              [
                -159.41571381,
                18.18779394
              ],
              [
                -159.39942281,
                18.18169694
              ],
              [
                -159.38310081,
                18.17567494
              ],
              [
                -159.36674881,
                18.16973094
              ],
              [
                -159.35036781,
                18.16386294
              ],
              [
                -159.33395681,
                18.15807094
              ],
              [
                -159.33119481,
                18.15710494
              ],
              [
                -159.31706981,
                18.15220094
              ],
              [
                -159.30060181,
                18.14656394
              ],
              [
                -159.28410481,
                18.14100394
              ],
              [
                -159.27769981,
                18.13887894
              ],
              [
                -159.27638981,
                18.13487894
              ],
              [
                -159.27107781,
                18.11894594
              ],
              [
                -159.26568381,
                18.10303794
              ],
              [
                -159.26020681,
                18.08715594
              ],
              [
                -159.25464981,
                18.07129994
              ],
              [
                -159.24900981,
                18.05546994
              ],
              [
                -159.24328881,
                18.03966794
              ],
              [
                -159.23796381,
                18.02518094
              ],
              [
                -159.23692681,
                18.02237994
              ],
              [
                -159.23104281,
                18.00663194
              ],
              [
                -159.22507881,
                17.99091294
              ],
              [
                -159.22045481,
                17.97889094
              ],
              [
                -159.21872681,
                17.97429094
              ],
              [
                -159.21276481,
                17.95857194
              ],
              [
                -159.20672081,
                17.94288094
              ],
              [
                -159.20059581,
                17.92721794
              ],
              [
                -159.19439081,
                17.91158494
              ],
              [
                -159.18810581,
                17.89598194
              ],
              [
                -159.18174081,
                17.88040794
              ],
              [
                -159.17529481,
                17.86486494
              ],
              [
                -159.16876981,
                17.84935294
              ],
              [
                -159.16216481,
                17.83387194
              ],
              [
                -159.15548081,
                17.81842194
              ],
              [
                -159.14871681,
                17.80300394
              ],
              [
                -159.14187381,
                17.78761894
              ],
              [
                -159.13495281,
                17.77226594
              ],
              [
                -159.12795181,
                17.75694594
              ],
              [
                -159.12087281,
                17.74165994
              ],
              [
                -159.11371581,
                17.72640694
              ],
              [
                -159.10648081,
                17.71118794
              ],
              [
                -159.09916781,
                17.69600394
              ],
              [
                -159.09177681,
                17.68085494
              ],
              [
                -159.08430781,
                17.66574094
              ],
              [
                -159.07676181,
                17.65066294
              ],
              [
                -159.06913881,
                17.63562094
              ],
              [
                -159.06143881,
                17.62061494
              ],
              [
                -159.05366181,
                17.60564494
              ],
              [
                -159.04580881,
                17.59071294
              ],
              [
                -159.03787981,
                17.57581794
              ],
              [
                -159.02987381,
                17.56096094
              ],
              [
                -159.02179181,
                17.54614294
              ],
              [
                -159.01363481,
                17.53136194
              ],
              [
                -159.00540181,
                17.51662094
              ],
              [
                -158.99709381,
                17.50191894
              ],
              [
                -158.98871081,
                17.48725594
              ],
              [
                -158.98025281,
                17.47263394
              ],
              [
                -158.97172081,
                17.45805194
              ],
              [
                -158.97032281,
                17.45567894
              ],
              [
                -158.96351281,
                17.44377694
              ],
              [
                -158.95505781,
                17.42915394
              ],
              [
                -158.94652781,
                17.41457094
              ],
              [
                -158.93792381,
                17.40002894
              ],
              [
                -158.92924581,
                17.38552794
              ],
              [
                -158.92049381,
                17.37106894
              ],
              [
                -158.91166781,
                17.35665094
              ],
              [
                -158.90276781,
                17.34227494
              ],
              [
                -158.89379581,
                17.32794194
              ],
              [
                -158.88474981,
                17.31365094
              ],
              [
                -158.87563181,
                17.29940294
              ],
              [
                -158.86644081,
                17.28519894
              ],
              [
                -158.85717781,
                17.27103894
              ],
              [
                -158.84784281,
                17.25692294
              ],
              [
                -158.83843581,
                17.24285094
              ],
              [
                -158.82895781,
                17.22882494
              ],
              [
                -158.81940781,
                17.21484294
              ],
              [
                -158.80978681,
                17.20090694
              ],
              [
                -158.80009581,
                17.18701594
              ],
              [
                -158.79033381,
                17.17317194
              ],
              [
                -158.78050081,
                17.15937494
              ],
              [
                -158.77059881,
                17.14562394
              ],
              [
                -158.76062581,
                17.13191994
              ],
              [
                -158.75058381,
                17.11826394
              ],
              [
                -158.74047281,
                17.10465594
              ],
              [
                -158.73029281,
                17.09109594
              ],
              [
                -158.72004381,
                17.07758494
              ],
              [
                -158.70972581,
                17.06412194
              ],
              [
                -158.69934081,
                17.05070794
              ],
              [
                -158.68888681,
                17.03734394
              ],
              [
                -158.67836481,
                17.02402994
              ],
              [
                -158.66777581,
                17.01076594
              ],
              [
                -158.65711981,
                16.99755194
              ],
              [
                -158.64639681,
                16.98438894
              ],
              [
                -158.63560681,
                16.97127694
              ],
              [
                -158.62475081,
                16.95821694
              ],
              [
                -158.61382881,
                16.94520794
              ],
              [
                -158.60284081,
                16.93225194
              ],
              [
                -158.59178681,
                16.91934694
              ],
              [
                -158.58066881,
                16.90649494
              ],
              [
                -158.56948481,
                16.89369694
              ],
              [
                -158.55823581,
                16.88095094
              ],
              [
                -158.54692281,
                16.86825894
              ],
              [
                -158.53554581,
                16.85562094
              ],
              [
                -158.52410481,
                16.84303694
              ],
              [
                -158.51260081,
                16.83050794
              ],
              [
                -158.50103281,
                16.81803394
              ],
              [
                -158.48940181,
                16.80561394
              ],
              [
                -158.47770781,
                16.79324994
              ],
              [
                -158.46595281,
                16.78094194
              ],
              [
                -158.45413381,
                16.76868894
              ],
              [
                -158.44225481,
                16.75649294
              ],
              [
                -158.43031281,
                16.74435394
              ],
              [
                -158.41831081,
                16.73227094
              ],
              [
                -158.40624681,
                16.72024594
              ],
              [
                -158.39412281,
                16.70827794
              ],
              [
                -158.38193781,
                16.69636694
              ],
              [
                -158.36969381,
                16.68451494
              ],
              [
                -158.35738881,
                16.67272094
              ],
              [
                -158.34502581,
                16.66098594
              ],
              [
                -158.33260281,
                16.64930894
              ],
              [
                -158.32012081,
                16.63769194
              ],
              [
                -158.30758081,
                16.62613394
              ],
              [
                -158.30175181,
                16.62079994
              ],
              [
                -158.29349481,
                16.61327594
              ],
              [
                -158.28083881,
                16.60183794
              ],
              [
                -158.26812481,
                16.59045994
              ],
              [
                -158.25535381,
                16.57914194
              ],
              [
                -158.24252581,
                16.56788594
              ],
              [
                -158.22964181,
                16.55668994
              ],
              [
                -158.21670081,
                16.54555594
              ],
              [
                -158.20370481,
                16.53448394
              ],
              [
                -158.19065181,
                16.52347294
              ],
              [
                -158.17754481,
                16.51252494
              ],
              [
                -158.16438181,
                16.50163794
              ],
              [
                -158.15116481,
                16.49081494
              ],
              [
                -158.13789281,
                16.48005494
              ],
              [
                -158.12456681,
                16.46935694
              ],
              [
                -158.11118781,
                16.45872294
              ],
              [
                -158.09775481,
                16.44815294
              ],
              [
                -158.08426881,
                16.43764694
              ],
              [
                -158.07072981,
                16.42720494
              ],
              [
                -158.05713881,
                16.41682794
              ],
              [
                -158.04349581,
                16.40651494
              ],
              [
                -158.02980081,
                16.39626694
              ],
              [
                -158.01605481,
                16.38608394
              ],
              [
                -158.00225781,
                16.37596694
              ],
              [
                -157.98840981,
                16.36591594
              ],
              [
                -157.97451081,
                16.35592994
              ],
              [
                -157.96056281,
                16.34601094
              ],
              [
                -157.94656481,
                16.33615794
              ],
              [
                -157.93251681,
                16.32637194
              ],
              [
                -157.91842081,
                16.31665194
              ],
              [
                -157.90427581,
                16.30699994
              ],
              [
                -157.89008181,
                16.29741494
              ],
              [
                -157.87584081,
                16.28789694
              ],
              [
                -157.86155181,
                16.27844794
              ],
              [
                -157.84721481,
                16.26906594
              ],
              [
                -157.83283181,
                16.25975294
              ],
              [
                -157.81840181,
                16.25050794
              ],
              [
                -157.80392581,
                16.24133194
              ],
              [
                -157.78940381,
                16.23222394
              ],
              [
                -157.77483581,
                16.22318594
              ],
              [
                -157.76022281,
                16.21421794
              ],
              [
                -157.74556481,
                16.20531794
              ],
              [
                -157.73086281,
                16.19648894
              ],
              [
                -157.71611681,
                16.18772994
              ],
              [
                -157.70132681,
                16.17903994
              ],
              [
                -157.68649281,
                16.17042194
              ],
              [
                -157.67409081,
                16.16326794
              ],
              [
                -157.65959481,
                16.15367394
              ],
              [
                -157.64526881,
                16.14429094
              ],
              [
                -157.63089481,
                16.13497594
              ],
              [
                -157.61647481,
                16.12572994
              ],
              [
                -157.60200881,
                16.11655294
              ],
              [
                -157.58749581,
                16.10744494
              ],
              [
                -157.57293781,
                16.09840494
              ],
              [
                -157.55833481,
                16.08943494
              ],
              [
                -157.54368781,
                16.08053494
              ],
              [
                -157.52899481,
                16.07170394
              ],
              [
                -157.51425881,
                16.06294394
              ],
              [
                -157.49947881,
                16.05425394
              ],
              [
                -157.48465481,
                16.04563394
              ],
              [
                -157.46978881,
                16.03708394
              ],
              [
                -157.45487881,
                16.02860594
              ],
              [
                -157.43992781,
                16.02019794
              ],
              [
                -157.42493381,
                16.01186194
              ],
              [
                -157.40989881,
                16.00359694
              ],
              [
                -157.39482281,
                15.99540394
              ],
              [
                -157.37970481,
                15.98728294
              ],
              [
                -157.36454781,
                15.97923294
              ],
              [
                -157.34934981,
                15.97125594
              ],
              [
                -157.33411181,
                15.96335194
              ],
              [
                -157.31883481,
                15.95551894
              ],
              [
                -157.30351881,
                15.94775994
              ],
              [
                -157.28816381,
                15.94007394
              ],
              [
                -157.27277081,
                15.93245994
              ],
              [
                -157.25733981,
                15.92492094
              ],
              [
                -157.24187081,
                15.91745394
              ],
              [
                -157.22636581,
                15.91006094
              ],
              [
                -157.21082281,
                15.90274194
              ],
              [
                -157.19524381,
                15.89549794
              ],
              [
                -157.17962881,
                15.88832694
              ],
              [
                -157.16397781,
                15.88123094
              ],
              [
                -157.14829181,
                15.87420894
              ],
              [
                -157.13257081,
                15.86726194
              ],
              [
                -157.11681581,
                15.86038994
              ],
              [
                -157.10102581,
                15.85359294
              ],
              [
                -157.08520181,
                15.84687094
              ],
              [
                -157.06934481,
                15.84022494
              ],
              [
                -157.05345481,
                15.83365394
              ],
              [
                -157.03753181,
                15.82715894
              ],
              [
                -157.02157681,
                15.82073994
              ],
              [
                -157.00559081,
                15.81439594
              ],
              [
                -156.98957181,
                15.80812894
              ],
              [
                -156.97352281,
                15.80193794
              ],
              [
                -156.95744181,
                15.79582394
              ],
              [
                -156.94133181,
                15.78978594
              ],
              [
                -156.92519081,
                15.78382494
              ],
              [
                -156.90902081,
                15.77794094
              ],
              [
                -156.89282081,
                15.77213294
              ],
              [
                -156.87659281,
                15.76640294
              ],
              [
                -156.86033581,
                15.76074994
              ],
              [
                -156.84405181,
                15.75517494
              ],
              [
                -156.82773881,
                15.74967694
              ],
              [
                -156.81139981,
                15.74425694
              ],
              [
                -156.79503281,
                15.73891494
              ],
              [
                -156.77863981,
                15.73365094
              ],
              [
                -156.76222081,
                15.72846494
              ],
              [
                -156.74577581,
                15.72335694
              ],
              [
                -156.72930581,
                15.71832694
              ],
              [
                -156.71281081,
                15.71337594
              ],
              [
                -156.69629181,
                15.70850294
              ],
              [
                -156.67974781,
                15.70370894
              ],
              [
                -156.66318081,
                15.69899394
              ],
              [
                -156.64658981,
                15.69435794
              ],
              [
                -156.62997581,
                15.68979994
              ],
              [
                -156.61333981,
                15.68532194
              ],
              [
                -156.59668181,
                15.68092294
              ],
              [
                -156.58000181,
                15.67660394
              ],
              [
                -156.56329981,
                15.67236394
              ],
              [
                -156.54657781,
                15.66820294
              ],
              [
                -156.52983481,
                15.66412194
              ],
              [
                -156.51307181,
                15.66012094
              ],
              [
                -156.49628881,
                15.65619894
              ],
              [
                -156.47948581,
                15.65235794
              ],
              [
                -156.46266481,
                15.64859694
              ],
              [
                -156.44582481,
                15.64491494
              ],
              [
                -156.42896681,
                15.64131394
              ],
              [
                -156.41209181,
                15.63779294
              ],
              [
                -156.39519881,
                15.63435294
              ],
              [
                -156.37828881,
                15.63099294
              ],
              [
                -156.36136181,
                15.62771294
              ],
              [
                -156.34441881,
                15.62451394
              ],
              [
                -156.32746081,
                15.62139594
              ],
              [
                -156.31048681,
                15.61835894
              ],
              [
                -156.29349781,
                15.61540194
              ],
              [
                -156.27649481,
                15.61252594
              ],
              [
                -156.25947681,
                15.60973194
              ],
              [
                -156.24244581,
                15.60701794
              ],
              [
                -156.22540181,
                15.60438494
              ],
              [
                -156.20834381,
                15.60183394
              ],
              [
                -156.19127381,
                15.59936294
              ],
              [
                -156.17419181,
                15.59697494
              ],
              [
                -156.15709881,
                15.59466694
              ],
              [
                -156.13999281,
                15.59244094
              ],
              [
                -156.12287681,
                15.59029594
              ],
              [
                -156.10575081,
                15.58823294
              ],
              [
                -156.08861381,
                15.58625094
              ],
              [
                -156.07146781,
                15.58435094
              ],
              [
                -156.05431281,
                15.58253194
              ],
              [
                -156.03714781,
                15.58079494
              ],
              [
                -156.01997581,
                15.57913994
              ],
              [
                -156.00279481,
                15.57756694
              ],
              [
                -155.99510581,
                15.57688994
              ],
              [
                -155.98419081,
                15.57595194
              ],
              [
                -155.96699481,
                15.57454194
              ],
              [
                -155.94979281,
                15.57321394
              ],
              [
                -155.93258381,
                15.57196894
              ],
              [
                -155.91536881,
                15.57080494
              ],
              [
                -155.89814781,
                15.56972294
              ],
              [
                -155.88092281,
                15.56872294
              ],
              [
                -155.86369181,
                15.56780494
              ],
              [
                -155.84645681,
                15.56696894
              ],
              [
                -155.82921881,
                15.56621494
              ],
              [
                -155.81197581,
                15.56554294
              ],
              [
                -155.79473081,
                15.56495294
              ],
              [
                -155.77748181,
                15.56444494
              ],
              [
                -155.76023181,
                15.56401994
              ],
              [
                -155.74297881,
                15.56367594
              ],
              [
                -155.72572481,
                15.56341494
              ],
              [
                -155.70846981,
                15.56323594
              ],
              [
                -155.69121481,
                15.56313894
              ],
              [
                -155.67395781,
                15.56312394
              ],
              [
                -155.65670281,
                15.56319094
              ],
              [
                -155.63944681,
                15.56333994
              ],
              [
                -155.62219281,
                15.56357194
              ],
              [
                -155.60493981,
                15.56388594
              ],
              [
                -155.58768781,
                15.56428094
              ],
              [
                -155.57043881,
                15.56475894
              ],
              [
                -155.55319281,
                15.56531894
              ],
              [
                -155.53594881,
                15.56596094
              ],
              [
                -155.51870881,
                15.56668494
              ],
              [
                -155.50147281,
                15.56749194
              ],
              [
                -155.48424081,
                15.56837994
              ],
              [
                -155.46701281,
                15.56934994
              ],
              [
                -155.44979081,
                15.57040194
              ],
              [
                -155.43257381,
                15.57153694
              ],
              [
                -155.41536181,
                15.57275294
              ],
              [
                -155.39815781,
                15.57405094
              ],
              [
                -155.38095881,
                15.57543094
              ],
              [
                -155.36376781,
                15.57689294
              ],
              [
                -155.34658481,
                15.57843594
              ],
              [
                -155.32940881,
                15.58006194
              ],
              [
                -155.31224081,
                15.58176894
              ],
              [
                -155.29508281,
                15.58355794
              ],
              [
                -155.27793281,
                15.58542794
              ],
              [
                -155.26079281,
                15.58738094
              ],
              [
                -155.24366281,
                15.58941394
              ],
              [
                -155.22654281,
                15.59152894
              ],
              [
                -155.20943381,
                15.59372594
              ],
              [
                -155.19233581,
                15.59600394
              ],
              [
                -155.17524981,
                15.59836394
              ],
              [
                -155.15817481,
                15.60080394
              ],
              [
                -155.14111281,
                15.60332594
              ],
              [
                -155.12406381,
                15.60592994
              ],
              [
                -155.10702781,
                15.60861394
              ],
              [
                -155.09000581,
                15.61137894
              ],
              [
                -155.07299681,
                15.61422594
              ],
              [
                -155.05600281,
                15.61715294
              ],
              [
                -155.03902381,
                15.62016094
              ],
              [
                -155.02205981,
                15.62324994
              ],
              [
                -155.00511081,
                15.62641894
              ],
              [
                -154.98817881,
                15.62966994
              ],
              [
                -154.97126281,
                15.63300094
              ],
              [
                -154.95436281,
                15.63641194
              ],
              [
                -154.93748081,
                15.63990394
              ],
              [
                -154.92061681,
                15.64347594
              ],
              [
                -154.90376981,
                15.64712794
              ],
              [
                -154.88694181,
                15.65085994
              ],
              [
                -154.87013281,
                15.65467294
              ],
              [
                -154.85334281,
                15.65856494
              ],
              [
                -154.83657281,
                15.66253694
              ],
              [
                -154.81982281,
                15.66658894
              ],
              [
                -154.80309281,
                15.67072094
              ],
              [
                -154.78638381,
                15.67493194
              ],
              [
                -154.76969581,
                15.67922294
              ],
              [
                -154.75302881,
                15.68359294
              ],
              [
                -154.73638481,
                15.68804294
              ],
              [
                -154.72881681,
                15.69009394
              ],
              [
                -154.71323481,
                15.69434194
              ],
              [
                -154.69663581,
                15.69894894
              ],
              [
                -154.68005981,
                15.70363594
              ],
              [
                -154.66350681,
                15.70840094
              ],
              [
                -154.64681981,
                15.71329194
              ],
              [
                -154.64605681,
                15.71351794
              ],
              [
                -154.62955281,
                15.71843994
              ],
              [
                -154.61307381,
                15.72344194
              ],
              [
                -154.59661981,
                15.72852094
              ],
              [
                -154.58019081,
                15.73367894
              ],
              [
                -154.56378781,
                15.73891494
              ],
              [
                -154.54741181,
                15.74422894
              ],
              [
                -154.53106181,
                15.74962094
              ],
              [
                -154.51473981,
                15.75508994
              ],
              [
                -154.49844481,
                15.76063694
              ],
              [
                -154.48217781,
                15.76626194
              ],
              [
                -154.46593881,
                15.77196394
              ],
              [
                -154.44972881,
                15.77774294
              ],
              [
                -154.43354781,
                15.78359994
              ],
              [
                -154.41739581,
                15.78953294
              ],
              [
                -154.40127481,
                15.79554294
              ],
              [
                -154.38518281,
                15.80162894
              ],
              [
                -154.36912181,
                15.80779294
              ],
              [
                -154.35309181,
                15.81403194
              ],
              [
                -154.33709381,
                15.82034794
              ],
              [
                -154.32112681,
                15.82673994
              ],
              [
                -154.30519181,
                15.83320694
              ],
              [
                -154.28928981,
                15.83975094
              ],
              [
                -154.27342081,
                15.84636994
              ],
              [
                -154.25758481,
                15.85306394
              ],
              [
                -154.24178281,
                15.85983394
              ],
              [
                -154.22601481,
                15.86667894
              ],
              [
                -154.21028081,
                15.87359794
              ],
              [
                -154.19458181,
                15.88059294
              ],
              [
                -154.17891781,
                15.88766194
              ],
              [
                -154.16328981,
                15.89480594
              ],
              [
                -154.15782681,
                15.89732494
              ],
              [
                -154.15543481,
                15.89842394
              ],
              [
                -154.13984181,
                15.90564194
              ],
              [
                -154.12428581,
                15.91293294
              ],
              [
                -154.10876581,
                15.92029894
              ],
              [
                -154.09328381,
                15.92773894
              ],
              [
                -154.07783881,
                15.93525194
              ],
              [
                -154.06243081,
                15.94283894
              ],
              [
                -154.04706181,
                15.95049894
              ],
              [
                -154.03173181,
                15.95823094
              ],
              [
                -154.01643981,
                15.96603694
              ],
              [
                -154.00118681,
                15.97391594
              ],
              [
                -153.98597481,
                15.98186594
              ],
              [
                -153.97080181,
                15.98988894
              ],
              [
                -153.95566881,
                15.99798494
              ],
              [
                -153.94057781,
                16.00615194
              ],
              [
                -153.92552681,
                16.01439094
              ],
              [
                -153.91051781,
                16.02270094
              ],
              [
                -153.89555081,
                16.03108194
              ],
              [
                -153.88062481,
                16.03953494
              ],
              [
                -153.86574281,
                16.04805894
              ],
              [
                -153.85090281,
                16.05665294
              ],
              [
                -153.83610681,
                16.06531794
              ],
              [
                -153.82135381,
                16.07405294
              ],
              [
                -153.80664481,
                16.08285794
              ],
              [
                -153.79198081,
                16.09173294
              ],
              [
                -153.77736081,
                16.10067794
              ],
              [
                -153.76278581,
                16.10969194
              ],
              [
                -153.74825681,
                16.11877494
              ],
              [
                -153.73377381,
                16.12792694
              ],
              [
                -153.71933581,
                16.13714794
              ],
              [
                -153.70494481,
                16.14643794
              ],
              [
                -153.69060081,
                16.15579594
              ],
              [
                -153.67954481,
                16.16307594
              ],
              [
                -153.66894581,
                16.17007394
              ],
              [
                -153.65469581,
                16.17956794
              ],
              [
                -153.64049381,
                16.18912994
              ],
              [
                -153.62633981,
                16.19875894
              ],
              [
                -153.61223481,
                16.20845494
              ],
              [
                -153.59927781,
                16.21745094
              ],
              [
                -153.59026881,
                16.22371994
              ],
              [
                -153.57626081,
                16.23354994
              ],
              [
                -153.56230281,
                16.24344594
              ],
              [
                -153.54839481,
                16.25340894
              ],
              [
                -153.53453681,
                16.26343694
              ],
              [
                -153.52072881,
                16.27353194
              ],
              [
                -153.50697281,
                16.28369194
              ],
              [
                -153.49326781,
                16.29391694
              ],
              [
                -153.47961481,
                16.30420694
              ],
              [
                -153.46601281,
                16.31456294
              ],
              [
                -153.45965881,
                16.31943594
              ],
              [
                -153.45145581,
                16.32569294
              ],
              [
                -153.43790481,
                16.33611294
              ],
              [
                -153.42440781,
                16.34659694
              ],
              [
                -153.41891181,
                16.35089594
              ],
              [
                -153.40457181,
                16.35785594
              ],
              [
                -153.38912981,
                16.36543894
              ],
              [
                -153.38327281,
                16.36833994
              ],
              [
                -153.36919381,
                16.37525694
              ],
              [
                -153.35378981,
                16.38291294
              ],
              [
                -153.33842381,
                16.39064194
              ],
              [
                -153.32309681,
                16.39844394
              ],
              [
                -153.30780881,
                16.40631894
              ],
              [
                -153.29256081,
                16.41426594
              ],
              [
                -153.27735381,
                16.42228494
              ],
              [
                -153.26218581,
                16.43037694
              ],
              [
                -153.24705981,
                16.43853994
              ],
              [
                -153.23197381,
                16.44677494
              ],
              [
                -153.21692981,
                16.45508194
              ],
              [
                -153.20192781,
                16.46345894
              ],
              [
                -153.18696781,
                16.47190794
              ],
              [
                -153.17205081,
                16.48042794
              ],
              [
                -153.15717581,
                16.48901794
              ],
              [
                -153.14234481,
                16.49767894
              ],
              [
                -153.12755781,
                16.50640994
              ],
              [
                -153.11281381,
                16.51521094
              ],
              [
                -153.09811581,
                16.52408194
              ],
              [
                -153.08346081,
                16.53302294
              ],
              [
                -153.06885181,
                16.54203294
              ],
              [
                -153.05428781,
                16.55111194
              ],
              [
                -153.03976981,
                16.56026094
              ],
              [
                -153.02529881,
                16.56947794
              ],
              [
                -153.01087281,
                16.57876294
              ],
              [
                -152.99649481,
                16.58811694
              ],
              [
                -152.98216381,
                16.59753894
              ],
              [
                -152.96787981,
                16.60702894
              ],
              [
                -152.95364381,
                16.61658594
              ],
              [
                -152.93945681,
                16.62621094
              ],
              [
                -152.92531781,
                16.63590294
              ],
              [
                -152.91122781,
                16.64566194
              ],
              [
                -152.89718681,
                16.65548794
              ],
              [
                -152.88319581,
                16.66537994
              ],
              [
                -152.86925481,
                16.67533794
              ],
              [
                -152.85536381,
                16.68536294
              ],
              [
                -152.85115781,
                16.68841894
              ],
              [
                -152.83741881,
                16.69823194
              ],
              [
                -152.82352581,
                16.70825594
              ],
              [
                -152.80968381,
                16.71834594
              ],
              [
                -152.79589281,
                16.72850194
              ],
              [
                -152.78215281,
                16.73872294
              ],
              [
                -152.76846481,
                16.74900894
              ],
              [
                -152.75482881,
                16.75935894
              ],
              [
                -152.74124481,
                16.76977394
              ],
              [
                -152.72771381,
                16.78025394
              ],
              [
                -152.71423581,
                16.79079694
              ],
              [
                -152.70081081,
                16.80140494
              ],
              [
                -152.68743981,
                16.81207594
              ],
              [
                -152.67412281,
                16.82280994
              ],
              [
                -152.66085981,
                16.83360694
              ],
              [
                -152.64765181,
                16.84446694
              ],
              [
                -152.63449781,
                16.85538894
              ],
              [
                -152.63220381,
                16.85730594
              ],
              [
                -152.62990481,
                16.85914694
              ],
              [
                -152.61658381,
                16.86988094
              ],
              [
                -152.60331781,
                16.88067694
              ],
              [
                -152.60014681,
                16.88327394
              ],
              [
                -152.59114681,
                16.89046394
              ],
              [
                -152.57782281,
                16.90119794
              ],
              [
                -152.56455381,
                16.91199394
              ],
              [
                -152.55133981,
                16.92285294
              ],
              [
                -152.53817981,
                16.93377494
              ],
              [
                -152.52507581,
                16.94475894
              ],
              [
                -152.51202781,
                16.95580394
              ],
              [
                -152.49903481,
                16.96691194
              ],
              [
                -152.48609881,
                16.97808094
              ],
              [
                -152.47321881,
                16.98931094
              ],
              [
                -152.46039581,
                17.00060194
              ],
              [
                -152.44762981,
                17.01195394
              ],
              [
                -152.43492181,
                17.02336594
              ],
              [
                -152.42227081,
                17.03483794
              ],
              [
                -152.40967881,
                17.04636994
              ],
              [
                -152.39714481,
                17.05796094
              ],
              [
                -152.38466981,
                17.06961194
              ],
              [
                -152.37225381,
                17.08132194
              ],
              [
                -152.35989681,
                17.09308994
              ],
              [
                -152.34759981,
                17.10491694
              ],
              [
                -152.33536281,
                17.11680194
              ],
              [
                -152.32318581,
                17.12874494
              ],
              [
                -152.31106981,
                17.14074494
              ],
              [
                -152.30699881,
                17.14480294
              ],
              [
                -152.29729981,
                17.15441794
              ],
              [
                -152.28524381,
                17.16647594
              ],
              [
                -152.27324881,
                17.17858994
              ],
              [
                -152.26131481,
                17.19076094
              ],
              [
                -152.24944381,
                17.20298894
              ],
              [
                -152.23763381,
                17.21527194
              ],
              [
                -152.22585381,
                17.22764394
              ],
              [
                -152.21384781,
                17.24025294
              ],
              [
                -152.20216181,
                17.25264694
              ],
              [
                -152.19053981,
                17.26509694
              ],
              [
                -152.17897981,
                17.27760194
              ],
              [
                -152.16748481,
                17.29016194
              ],
              [
                -152.15605281,
                17.30277494
              ],
              [
                -152.14468481,
                17.31544294
              ],
              [
                -152.13338081,
                17.32816494
              ],
              [
                -152.12214281,
                17.34093894
              ],
              [
                -152.11096881,
                17.35376694
              ],
              [
                -152.09986081,
                17.36664794
              ],
              [
                -152.08881781,
                17.37958094
              ],
              [
                -152.07784081,
                17.39256694
              ],
              [
                -152.06692981,
                17.40560394
              ],
              [
                -152.05608481,
                17.41869194
              ],
              [
                -152.04525381,
                17.43189694
              ],
              [
                -152.04466981,
                17.43261294
              ],
              [
                -152.03395881,
                17.44580394
              ],
              [
                -152.02331481,
                17.45904494
              ],
              [
                -152.01273781,
                17.47233694
              ],
              [
                -152.00222881,
                17.48567794
              ],
              [
                -151.99178881,
                17.49906894
              ],
              [
                -151.98141581,
                17.51250994
              ],
              [
                -151.97111181,
                17.52599894
              ],
              [
                -151.96087681,
                17.53953694
              ],
              [
                -151.95071081,
                17.55312294
              ],
              [
                -151.94061381,
                17.56675694
              ],
              [
                -151.93058681,
                17.58043894
              ],
              [
                -151.92062881,
                17.59416794
              ],
              [
                -151.91074181,
                17.60794394
              ],
              [
                -151.90092481,
                17.62176694
              ],
              [
                -151.89117881,
                17.63563594
              ],
              [
                -151.88150281,
                17.64955194
              ],
              [
                -151.87189781,
                17.66351194
              ],
              [
                -151.86236481,
                17.67751794
              ],
              [
                -151.85290381,
                17.69156894
              ],
              [
                -151.84351381,
                17.70566494
              ],
              [
                -151.83419581,
                17.71980494
              ],
              [
                -151.82495081,
                17.73398894
              ],
              [
                -151.81577781,
                17.74821594
              ],
              [
                -151.80667681,
                17.76248694
              ],
              [
                -151.79764981,
                17.77680094
              ],
              [
                -151.78869581,
                17.79115694
              ],
              [
                -151.77981581,
                17.80555494
              ],
              [
                -151.77100881,
                17.81999594
              ],
              [
                -151.76227681,
                17.83447694
              ],
              [
                -151.75361781,
                17.84899994
              ],
              [
                -151.74503381,
                17.86356394
              ],
              [
                -151.73652381,
                17.87816794
              ],
              [
                -151.72808981,
                17.89281294
              ],
              [
                -151.71972981,
                17.90749694
              ],
              [
                -151.71144581,
                17.92221994
              ],
              [
                -151.70323681,
                17.93698294
              ],
              [
                -151.69510381,
                17.95178394
              ],
              [
                -151.68704681,
                17.96662294
              ],
              [
                -151.67906581,
                17.98150094
              ],
              [
                -151.67116081,
                17.99641594
              ],
              [
                -151.66333281,
                18.01136794
              ],
              [
                -151.65558181,
                18.02635694
              ],
              [
                -151.64790781,
                18.04138294
              ],
              [
                -151.64046381,
                18.05613794
              ],
              [
                -151.63620381,
                18.06450194
              ],
              [
                -151.62860481,
                18.07956394
              ],
              [
                -151.62108381,
                18.09466094
              ],
              [
                -151.61364081,
                18.10979394
              ],
              [
                -151.60627481,
                18.12496094
              ],
              [
                -151.59898781,
                18.14016394
              ],
              [
                -151.59177781,
                18.15539994
              ],
              [
                -151.58464681,
                18.17067094
              ],
              [
                -151.57759481,
                18.18597494
              ],
              [
                -151.57062081,
                18.20131294
              ],
              [
                -151.56372681,
                18.21668294
              ],
              [
                -151.55691081,
                18.23208494
              ],
              [
                -151.55017481,
                18.24751994
              ],
              [
                -151.54351881,
                18.26298594
              ],
              [
                -151.53694181,
                18.27848394
              ],
              [
                -151.53044481,
                18.29401294
              ],
              [
                -151.52402781,
                18.30957195
              ],
              [
                -151.51769081,
                18.32516095
              ],
              [
                -151.51143481,
                18.34077994
              ],
              [
                -151.50525881,
                18.35642895
              ],
              [
                -151.49916381,
                18.37210595
              ],
              [
                -151.49315081,
                18.38781195
              ],
              [
                -151.48721781,
                18.40354595
              ],
              [
                -151.48136581,
                18.41930895
              ],
              [
                -151.47559581,
                18.43509795
              ],
              [
                -151.46990781,
                18.45091495
              ],
              [
                -151.46430081,
                18.46675895
              ],
              [
                -151.45877581,
                18.48262895
              ],
              [
                -151.45333281,
                18.49852395
              ],
              [
                -151.44797281,
                18.51444595
              ],
              [
                -151.44269481,
                18.53039195
              ],
              [
                -151.43749881,
                18.54636295
              ],
              [
                -151.43238581,
                18.56235895
              ],
              [
                -151.42735581,
                18.57837895
              ],
              [
                -151.42240881,
                18.59442195
              ],
              [
                -151.41754481,
                18.61048795
              ],
              [
                -151.41276381,
                18.62657695
              ],
              [
                -151.40806681,
                18.64268895
              ],
              [
                -151.40345281,
                18.65882195
              ],
              [
                -151.39892281,
                18.67497794
              ],
              [
                -151.39447681,
                18.69115395
              ],
              [
                -151.39011481,
                18.70735095
              ],
              [
                -151.38583581,
                18.72356894
              ],
              [
                -151.38164181,
                18.73980695
              ],
              [
                -151.37753281,
                18.75606395
              ],
              [
                -151.37350681,
                18.77233994
              ],
              [
                -151.36956681,
                18.78863595
              ],
              [
                -151.36571081,
                18.80494894
              ],
              [
                -151.36193981,
                18.82128094
              ],
              [
                -151.35825281,
                18.83763095
              ],
              [
                -151.35465181,
                18.85399695
              ],
              [
                -151.35113581,
                18.87038095
              ],
              [
                -151.34766631,
                18.88697194
              ],
              [
                -151.34740481,
                18.88821095
              ],
              [
                -151.34397281,
                18.90461095
              ],
              [
                -151.34062681,
                18.92102594
              ],
              [
                -151.33736681,
                18.93745795
              ],
              [
                -151.33423281,
                18.95368795
              ],
              [
                -151.33337281,
                18.95818795
              ],
              [
                -151.33028381,
                18.97464895
              ],
              [
                -151.32727981,
                18.99112495
              ],
              [
                -151.32436181,
                19.00761494
              ],
              [
                -151.32153081,
                19.02411795
              ],
              [
                -151.31878481,
                19.04063394
              ],
              [
                -151.31612581,
                19.05716395
              ],
              [
                -151.31355281,
                19.07370494
              ],
              [
                -151.31106581,
                19.09025895
              ],
              [
                -151.30866581,
                19.10682395
              ],
              [
                -151.30635181,
                19.12339995
              ],
              [
                -151.30412481,
                19.13998695
              ],
              [
                -151.30198381,
                19.15658394
              ],
              [
                -151.29993081,
                19.17319095
              ],
              [
                -151.29796381,
                19.18980794
              ],
              [
                -151.29608381,
                19.20643295
              ],
              [
                -151.29429081,
                19.22306695
              ],
              [
                -151.29258481,
                19.23970995
              ],
              [
                -151.29096681,
                19.25635995
              ],
              [
                -151.28943481,
                19.27301795
              ],
              [
                -151.28799081,
                19.28968295
              ],
              [
                -151.28663481,
                19.30635395
              ],
              [
                -151.28536481,
                19.32303194
              ],
              [
                -151.28418281,
                19.33971494
              ],
              [
                -151.28308881,
                19.35640395
              ],
              [
                -151.28208181,
                19.37309795
              ],
              [
                -151.28116281,
                19.38979595
              ],
              [
                -151.28033081,
                19.40649795
              ],
              [
                -151.27958681,
                19.42320395
              ],
              [
                -151.27893081,
                19.43991295
              ],
              [
                -151.27836281,
                19.45662495
              ],
              [
                -151.27788281,
                19.47333995
              ],
              [
                -151.27748981,
                19.49005595
              ],
              [
                -151.27718481,
                19.50677495
              ],
              [
                -151.27696881,
                19.52349395
              ],
              [
                -151.27683981,
                19.54021395
              ],
              [
                -151.27679881,
                19.55693495
              ],
              [
                -151.27684681,
                19.57365495
              ],
              [
                -151.27698181,
                19.59037595
              ],
              [
                -151.27720581,
                19.60709495
              ],
              [
                -151.27751681,
                19.62381295
              ],
              [
                -151.27791681,
                19.64052895
              ],
              [
                -151.27840481,
                19.65724295
              ],
              [
                -151.27898081,
                19.67395395
              ],
              [
                -151.27964481,
                19.69066295
              ],
              [
                -151.28039781,
                19.70736795
              ],
              [
                -151.28123881,
                19.72406895
              ],
              [
                -151.28216681,
                19.74076695
              ],
              [
                -151.28318481,
                19.75745895
              ],
              [
                -151.28428981,
                19.77414595
              ],
              [
                -151.28548281,
                19.79082795
              ],
              [
                -151.28676481,
                19.80750495
              ],
              [
                -151.28813481,
                19.82417395
              ],
              [
                -151.28959281,
                19.84083695
              ],
              [
                -151.29113981,
                19.85749295
              ],
              [
                -151.29277381,
                19.87414195
              ],
              [
                -151.29449681,
                19.89078195
              ],
              [
                -151.29630781,
                19.90741395
              ],
              [
                -151.29820681,
                19.92403695
              ],
              [
                -151.30019381,
                19.94065095
              ],
              [
                -151.30226881,
                19.95725595
              ],
              [
                -151.30443181,
                19.97384995
              ],
              [
                -151.30668381,
                19.99043395
              ],
              [
                -151.30902281,
                20.00700695
              ],
              [
                -151.31144981,
                20.02356795
              ],
              [
                -151.31396581,
                20.04011795
              ],
              [
                -151.31656881,
                20.05665595
              ],
              [
                -151.31925981,
                20.07318095
              ],
              [
                -151.32203881,
                20.08969295
              ],
              [
                -151.32490581,
                20.10619195
              ],
              [
                -151.32785981,
                20.12267695
              ],
              [
                -151.33090181,
                20.13914795
              ],
              [
                -151.33403181,
                20.15560395
              ],
              [
                -151.33724881,
                20.17204495
              ],
              [
                -151.34055381,
                20.18847095
              ],
              [
                -151.34394681,
                20.20488095
              ],
              [
                -151.34742681,
                20.22127395
              ],
              [
                -151.35099381,
                20.23765095
              ],
              [
                -151.35464881,
                20.25400995
              ],
              [
                -151.35839081,
                20.27035295
              ],
              [
                -151.36221981,
                20.28667695
              ],
              [
                -151.36613581,
                20.30298295
              ],
              [
                -151.37013881,
                20.31926995
              ],
              [
                -151.37422881,
                20.33553795
              ],
              [
                -151.37840681,
                20.35178595
              ],
              [
                -151.38267081,
                20.36801395
              ],
              [
                -151.38702081,
                20.38422195
              ],
              [
                -151.39145881,
                20.40040895
              ],
              [
                -151.39598281,
                20.41657495
              ],
              [
                -151.40059281,
                20.43271895
              ],
              [
                -151.40528981,
                20.44884095
              ],
              [
                -151.41007281,
                20.46494095
              ],
              [
                -151.41494181,
                20.48101795
              ],
              [
                -151.41989781,
                20.49707095
              ],
              [
                -151.42493881,
                20.51310095
              ],
              [
                -151.43006681,
                20.52910695
              ],
              [
                -151.43527981,
                20.54508795
              ],
              [
                -151.44057881,
                20.56104495
              ],
              [
                -151.44596381,
                20.57697595
              ],
              [
                -151.45143381,
                20.59288095
              ],
              [
                -151.45698881,
                20.60875995
              ],
              [
                -151.46262981,
                20.62461295
              ],
              [
                -151.46835581,
                20.64043895
              ],
              [
                -151.47416681,
                20.65623695
              ],
              [
                -151.48006281,
                20.67200795
              ],
              [
                -151.48604281,
                20.68775095
              ],
              [
                -151.49210881,
                20.70346495
              ],
              [
                -151.49825781,
                20.71914995
              ],
              [
                -151.50449281,
                20.73480595
              ],
              [
                -151.51081081,
                20.75043195
              ],
              [
                -151.51721381,
                20.76602795
              ],
              [
                -151.52370081,
                20.78159295
              ],
              [
                -151.53027081,
                20.79712795
              ],
              [
                -151.53692481,
                20.81263095
              ],
              [
                -151.54366281,
                20.82810195
              ],
              [
                -151.55048481,
                20.84354195
              ],
              [
                -151.55738881,
                20.85894895
              ],
              [
                -151.56437681,
                20.87432295
              ],
              [
                -151.57144781,
                20.88966295
              ],
              [
                -151.57860081,
                20.90496995
              ],
              [
                -151.58583781,
                20.92024295
              ],
              [
                -151.59315581,
                20.93548195
              ],
              [
                -151.60055681,
                20.95068495
              ],
              [
                -151.60804081,
                20.96585395
              ],
              [
                -151.61560581,
                20.98098595
              ],
              [
                -151.62325281,
                20.99608295
              ],
              [
                -151.63098181,
                21.01114295
              ],
              [
                -151.63879281,
                21.02616695
              ],
              [
                -151.64668481,
                21.04115295
              ],
              [
                -151.65465681,
                21.05610195
              ],
              [
                -151.66271081,
                21.07101195
              ],
              [
                -151.67084581,
                21.08588495
              ],
              [
                -151.67906181,
                21.10071895
              ],
              [
                -151.68735681,
                21.11551295
              ],
              [
                -151.69573281,
                21.13026795
              ],
              [
                -151.70418881,
                21.14498395
              ],
              [
                -151.71272481,
                21.15965895
              ],
              [
                -151.72134081,
                21.17429295
              ],
              [
                -151.73003581,
                21.18888595
              ],
              [
                -151.73880981,
                21.20343795
              ],
              [
                -151.74766381,
                21.21794895
              ],
              [
                -151.75659581,
                21.23241695
              ],
              [
                -151.76560681,
                21.24684295
              ],
              [
                -151.77469681,
                21.26122595
              ],
              [
                -151.78386381,
                21.27556495
              ],
              [
                -151.79310981,
                21.28986095
              ],
              [
                -151.80243281,
                21.30411295
              ],
              [
                -151.81183481,
                21.31832095
              ],
              [
                -151.82131281,
                21.33248395
              ],
              [
                -151.83086881,
                21.34660195
              ],
              [
                -151.84050081,
                21.36067495
              ],
              [
                -151.85021081,
                21.37470095
              ],
              [
                -151.85999581,
                21.38868195
              ],
              [
                -151.86985781,
                21.40261595
              ],
              [
                -151.87979581,
                21.41650295
              ],
              [
                -151.88980981,
                21.43034295
              ],
              [
                -151.89989981,
                21.44413495
              ],
              [
                -151.91006381,
                21.45787895
              ],
              [
                -151.92030381,
                21.47157495
              ],
              [
                -151.93061881,
                21.48522295
              ],
              [
                -151.94100781,
                21.49882095
              ],
              [
                -151.95147081,
                21.51236995
              ],
              [
                -151.96200881,
                21.52586895
              ],
              [
                -151.97261981,
                21.53931795
              ],
              [
                -151.98330481,
                21.55271695
              ],
              [
                -151.99406381,
                21.56606495
              ],
              [
                -152.00489481,
                21.57936195
              ],
              [
                -152.01579881,
                21.59260695
              ],
              [
                -152.02677581,
                21.60580095
              ],
              [
                -152.03782481,
                21.61894195
              ],
              [
                -152.04894581,
                21.63203095
              ],
              [
                -152.06013781,
                21.64506695
              ],
              [
                -152.07140281,
                21.65804995
              ],
              [
                -152.08273781,
                21.67097895
              ],
              [
                -152.09414381,
                21.68385395
              ],
              [
                -152.10562081,
                21.69667595
              ],
              [
                -152.11716881,
                21.70944295
              ],
              [
                -152.12878581,
                21.72215395
              ],
              [
                -152.13954181,
                21.73380795
              ],
              [
                -152.14652181,
                21.74363695
              ],
              [
                -152.15647881,
                21.75752595
              ],
              [
                -152.16651081,
                21.77136895
              ],
              [
                -152.17661881,
                21.78516395
              ],
              [
                -152.18680281,
                21.79891095
              ],
              [
                -152.19706181,
                21.81260895
              ],
              [
                -152.20739581,
                21.82625895
              ],
              [
                -152.21780481,
                21.83985995
              ],
              [
                -152.22828881,
                21.85341095
              ],
              [
                -152.23884581,
                21.86691295
              ],
              [
                -152.24947781,
                21.88036495
              ],
              [
                -152.26018381,
                21.89376595
              ],
              [
                -152.27096281,
                21.90711695
              ],
              [
                -152.28181581,
                21.92041595
              ],
              [
                -152.29274081,
                21.93366395
              ],
              [
                -152.30373881,
                21.94685995
              ],
              [
                -152.31480981,
                21.96000395
              ],
              [
                -152.32595281,
                21.97309595
              ],
              [
                -152.33716781,
                21.98613495
              ],
              [
                -152.34845481,
                21.99911995
              ],
              [
                -152.35141981,
                22.00250995
              ],
              [
                -152.36196181,
                22.01488895
              ],
              [
                -152.37317981,
                22.02792795
              ],
              [
                -152.38446881,
                22.04091295
              ],
              [
                -152.39582981,
                22.05384595
              ],
              [
                -152.40726181,
                22.06672395
              ],
              [
                -152.41876481,
                22.07954895
              ],
              [
                -152.43033881,
                22.09231795
              ],
              [
                -152.44198281,
                22.10503295
              ],
              [
                -152.45369581,
                22.11769295
              ],
              [
                -152.46547981,
                22.13029795
              ],
              [
                -152.47733281,
                22.14284595
              ],
              [
                -152.48925581,
                22.15533795
              ],
              [
                -152.50124681,
                22.16777395
              ],
              [
                -152.51330681,
                22.18015295
              ],
              [
                -152.52543481,
                22.19247495
              ],
              [
                -152.53738181,
                22.20448995
              ],
              [
                -152.53892281,
                22.20604795
              ],
              [
                -152.55111981,
                22.21831195
              ],
              [
                -152.56338481,
                22.23051895
              ],
              [
                -152.57571681,
                22.24266795
              ],
              [
                -152.58811581,
                22.25475795
              ],
              [
                -152.60058281,
                22.26678895
              ],
              [
                -152.61311481,
                22.27876195
              ],
              [
                -152.62571381,
                22.29067495
              ],
              [
                -152.63837881,
                22.30252795
              ],
              [
                -152.65110881,
                22.31432195
              ],
              [
                -152.66390481,
                22.32605495
              ],
              [
                -152.67676581,
                22.33772695
              ],
              [
                -152.68969081,
                22.34933895
              ],
              [
                -152.70267981,
                22.36088895
              ],
              [
                -152.71573381,
                22.37237795
              ],
              [
                -152.71902981,
                22.37525995
              ],
              [
                -152.72566281,
                22.38120395
              ],
              [
                -152.73865481,
                22.39275395
              ],
              [
                -152.75171081,
                22.40424295
              ],
              [
                -152.76483081,
                22.41567095
              ],
              [
                -152.77801381,
                22.42703595
              ],
              [
                -152.79125981,
                22.43833895
              ],
              [
                -152.80456881,
                22.44957895
              ],
              [
                -152.81793981,
                22.46075595
              ],
              [
                -152.83137281,
                22.47186895
              ],
              [
                -152.84486681,
                22.48291895
              ],
              [
                -152.85842281,
                22.49390495
              ],
              [
                -152.87203981,
                22.50482795
              ],
              [
                -152.88121681,
                22.51212395
              ],
              [
                -152.89047381,
                22.51976895
              ],
              [
                -152.90397281,
                22.53081995
              ],
              [
                -152.91753381,
                22.54180595
              ],
              [
                -152.93115481,
                22.55272895
              ],
              [
                -152.94483681,
                22.56358595
              ],
              [
                -152.95857881,
                22.57437995
              ],
              [
                -152.96795681,
                22.58166895
              ],
              [
                -152.97025981,
                22.58508895
              ],
              [
                -152.97988081,
                22.59921495
              ],
              [
                -152.98957981,
                22.61329695
              ],
              [
                -152.99935581,
                22.62733195
              ],
              [
                -153.00920981,
                22.64132195
              ],
              [
                -153.01914081,
                22.65526495
              ],
              [
                -153.02914781,
                22.66916095
              ],
              [
                -153.03923281,
                22.68300995
              ],
              [
                -153.04939381,
                22.69681195
              ],
              [
                -153.05962981,
                22.71056595
              ],
              [
                -153.06994281,
                22.72427095
              ],
              [
                -153.08033181,
                22.73792795
              ],
              [
                -153.09079581,
                22.75153595
              ],
              [
                -153.10133481,
                22.76509395
              ],
              [
                -153.11194881,
                22.77860295
              ],
              [
                -153.12263781,
                22.79206095
              ],
              [
                -153.13340081,
                22.80546995
              ],
              [
                -153.14423781,
                22.81882695
              ],
              [
                -153.15514881,
                22.83213395
              ],
              [
                -153.16613381,
                22.84538895
              ],
              [
                -153.17719181,
                22.85859195
              ],
              [
                -153.18832381,
                22.87174295
              ],
              [
                -153.19952781,
                22.88484195
              ],
              [
                -153.21080481,
                22.89788795
              ],
              [
                -153.22215381,
                22.91088095
              ],
              [
                -153.23357481,
                22.92381995
              ],
              [
                -153.24506781,
                22.93670595
              ],
              [
                -153.24913681,
                22.94123595
              ],
              [
                -153.25707181,
                22.95002695
              ],
              [
                -153.26870781,
                22.96280295
              ],
              [
                -153.28041481,
                22.97552495
              ],
              [
                -153.29219181,
                22.98819195
              ],
              [
                -153.30403881,
                23.00080395
              ],
              [
                -153.30935281,
                23.00641795
              ],
              [
                -153.31984181,
                23.01757595
              ],
              [
                -153.33176081,
                23.03013095
              ],
              [
                -153.34374881,
                23.04263095
              ],
              [
                -153.35580681,
                23.05507395
              ],
              [
                -153.36793481,
                23.06745995
              ],
              [
                -153.38013081,
                23.07978995
              ],
              [
                -153.39239481,
                23.09206095
              ],
              [
                -153.40472781,
                23.10427495
              ],
              [
                -153.41712881,
                23.11643095
              ],
              [
                -153.42959781,
                23.12852795
              ],
              [
                -153.44213381,
                23.14056695
              ],
              [
                -153.45473681,
                23.15254695
              ],
              [
                -153.46740681,
                23.16446695
              ],
              [
                -153.48014281,
                23.17632795
              ],
              [
                -153.49294481,
                23.18812795
              ],
              [
                -153.50581281,
                23.19986895
              ],
              [
                -153.51874681,
                23.21154795
              ],
              [
                -153.53174581,
                23.22316695
              ],
              [
                -153.54480881,
                23.23472495
              ],
              [
                -153.55793681,
                23.24622095
              ],
              [
                -153.57112981,
                23.25765495
              ],
              [
                -153.58438581,
                23.26902695
              ],
              [
                -153.59770481,
                23.28033695
              ],
              [
                -153.61108781,
                23.29158395
              ],
              [
                -153.62453381,
                23.30276795
              ],
              [
                -153.63804181,
                23.31388895
              ],
              [
                -153.65161281,
                23.32494595
              ],
              [
                -153.66524481,
                23.33593895
              ],
              [
                -153.67893881,
                23.34686795
              ],
              [
                -153.69269381,
                23.35773295
              ],
              [
                -153.70650881,
                23.36853295
              ],
              [
                -153.72038481,
                23.37926695
              ],
              [
                -153.73432181,
                23.38993695
              ],
              [
                -153.74831781,
                23.40054095
              ],
              [
                -153.76237281,
                23.41107895
              ],
              [
                -153.77648681,
                23.42154995
              ],
              [
                -153.78781181,
                23.42987295
              ],
              [
                -153.79144181,
                23.43252795
              ],
              [
                -153.80567281,
                23.44286595
              ],
              [
                -153.81996281,
                23.45313795
              ],
              [
                -153.83430981,
                23.46334195
              ],
              [
                -153.84871381,
                23.47347895
              ],
              [
                -153.86317481,
                23.48354795
              ],
              [
                -153.87769281,
                23.49354895
              ],
              [
                -153.88155381,
                23.49618995
              ],
              [
                -153.88428581,
                23.49806395
              ],
              [
                -153.88712644,
                23.5
              ],
              [
                -119.0229653,
                23.5
              ],
              [
                -118.90640778,
                23.27910995
              ],
              [
                -118.53858478,
                22.80750395
              ],
              [
                -118.09025278,
                22.40058795
              ],
              [
                -117.57492578,
                22.07005795
              ],
              [
                -117.00770477,
                21.82534595
              ],
              [
                -116.40489877,
                21.67339695
              ],
              [
                -115.78362877,
                21.61849895
              ],
              [
                -115.48316277,
                21.63959895
              ],
              [
                -116.03551377,
                21.49240995
              ],
              [
                -116.59481977,
                21.23631495
              ],
              [
                -116.59565577,
                21.23578045
              ],
              [
                -117.09669877,
                20.89168695
              ],
              [
                -117.52367578,
                20.47077095
              ],
              [
                -117.86396878,
                19.98630495
              ],
              [
                -118.10783178,
                19.45349095
              ],
              [
                -118.24874778,
                18.88885795
              ],
              [
                -118.28348558,
                18.30943435
              ],
              [
                -118.28345678,
                18.30856761
              ],
              [
                -118.28344578,
                18.30780845
              ],
              [
                -118.28416028,
                18.29416344
              ],
              [
                -118.28415544,
                18.29298628
              ],
              [
                -118.28411678,
                18.29193744
              ],
              [
                -118.28373378,
                18.28840494
              ],
              [
                -118.28397478,
                18.28404361
              ],
              [
                -118.28391678,
                18.28335694
              ],
              [
                -118.28394411,
                18.28254628
              ],
              [
                -118.21259178,
                17.70627794
              ],
              [
                -118.03827078,
                17.15059894
              ],
              [
                -117.76704378,
                16.63184994
              ],
              [
                -117.76596378,
                16.63045394
              ],
              [
                -117.76194278,
                16.62273194
              ],
              [
                -117.40256578,
                16.15623594
              ],
              [
                -116.96608477,
                15.75571094
              ],
              [
                -116.46560277,
                15.43287594
              ],
              [
                -115.91588477,
                15.19714394
              ],
              [
                -115.33296277,
                15.05538294
              ],
              [
                -115.33206627,
                15.05530544
              ],
              [
                -115,
                15.01162594
              ],
              [
                -115,
                14.55973692
              ],
              [
                -111.40673887,
                14.55973692
              ],
              [
                -111.40673887,
                13.42341576
              ],
              [
                -111.69237261,
                13.22552848
              ],
              [
                -111.70006678,
                13.2200658
              ],
              [
                -111.70764414,
                13.21444879
              ],
              [
                -111.71510144,
                13.20867985
              ],
              [
                -111.72243554,
                13.20276144
              ],
              [
                -111.72805527,
                13.19805427
              ],
              [
                -111.73359705,
                13.19325935
              ],
              [
                -111.73905948,
                13.18837788
              ],
              [
                -111.74444113,
                13.18341115
              ],
              [
                -111.7452952,
                13.18261015
              ],
              [
                -111.75433034,
                13.17389966
              ],
              [
                -112.17153125,
                12.75946259
              ],
              [
                -112.17803583,
                12.75285234
              ],
              [
                -112.18440179,
                12.74611347
              ],
              [
                -112.19062652,
                12.7392488
              ],
              [
                -112.19670744,
                12.73226116
              ],
              [
                -112.19870198,
                12.72985098
              ],
              [
                -112.19937819,
                12.72904101
              ],
              [
                -112.20067299,
                12.72751926
              ],
              [
                -112.20352212,
                12.72409647
              ],
              [
                -112.20746902,
                12.71937727
              ],
              [
                -112.2140585,
                12.7110731
              ],
              [
                -112.22044878,
                12.70262037
              ],
              [
                -112.2266364,
                12.69402367
              ],
              [
                -112.56221479,
                12.21499694
              ],
              [
                -112.56735339,
                12.2074854
              ],
              [
                -112.56935049,
                12.20438235
              ],
              [
                -112.57231324,
                12.19985801
              ],
              [
                -112.57430346,
                12.19675077
              ],
              [
                -112.57717255,
                12.19217014
              ],
              [
                -112.57913822,
                12.18904695
              ],
              [
                -112.58380799,
                12.1812452
              ],
              [
                -112.58911951,
                12.17190996
              ],
              [
                -112.59420459,
                12.16245356
              ],
              [
                -112.59906042,
                12.1528813
              ],
              [
                -112.60368428,
                12.14319857
              ],
              [
                -112.84799418,
                11.61434722
              ],
              [
                -112.85165848,
                11.60618591
              ],
              [
                -112.85515842,
                11.5979548
              ],
              [
                -112.85849262,
                11.58965713
              ],
              [
                -112.86165982,
                11.58129613
              ],
              [
                -112.86528725,
                11.57104003
              ],
              [
                -112.86866345,
                11.56070089
              ],
              [
                -112.87178648,
                11.55028471
              ],
              [
                -112.87465458,
                11.5397975
              ],
              [
                -113.02085257,
                10.97740552
              ],
              [
                -113.02298127,
                10.96885631
              ],
              [
                -113.02494093,
                10.96026774
              ],
              [
                -113.02673084,
                10.95164307
              ],
              [
                -113.02835032,
                10.94298557
              ],
              [
                -113.03013487,
                10.93211755
              ],
              [
                -113.03165091,
                10.92120978
              ],
              [
                -113.0328976,
                10.91026875
              ],
              [
                -113.0338742,
                10.89930094
              ],
              [
                -113.03740133,
                10.85321114
              ],
              [
                -115,
                10.85321114
              ],
              [
                -115,
                0
              ],
              [
                -153.17188326,
                0
              ],
              [
                -153.172219,
                0.00010278
              ],
              [
                -153.180197,
                0.002475
              ],
              [
                -153.188194,
                0.00478056
              ],
              [
                -153.196211,
                0.00701667
              ],
              [
                -153.204244,
                0.00918611
              ],
              [
                -153.212294,
                0.01128889
              ],
              [
                -153.220367,
                0.013325
              ],
              [
                -153.22845,
                0.01529167
              ],
              [
                -153.236553,
                0.01718889
              ],
              [
                -153.244669,
                0.01901944
              ],
              [
                -153.252803,
                0.02078333
              ],
              [
                -153.260947,
                0.02247778
              ],
              [
                -153.269106,
                0.02410556
              ],
              [
                -153.277281,
                0.02566389
              ],
              [
                -153.285467,
                0.02715
              ],
              [
                -153.293667,
                0.02857222
              ],
              [
                -153.301875,
                0.029925
              ],
              [
                -153.310094,
                0.03120556
              ],
              [
                -153.318325,
                0.03241944
              ],
              [
                -153.326564,
                0.03356389
              ],
              [
                -153.334817,
                0.03464167
              ],
              [
                -153.343072,
                0.03564722
              ],
              [
                -153.351342,
                0.03658333
              ],
              [
                -153.359614,
                0.03745278
              ],
              [
                -153.367894,
                0.03825
              ],
              [
                -153.368097,
                0.03826667
              ],
              [
                -153.944056,
                0.85878333
              ],
              [
                -153.88151464,
                1.12260635
              ],
              [
                -153.88102164,
                1.12807935
              ],
              [
                -153.88051164,
                1.12995835
              ],
              [
                -153.82822964,
                1.70803702
              ],
              [
                -153.82851164,
                1.71181435
              ],
              [
                -153.82820464,
                1.71518935
              ],
              [
                -153.82946064,
                1.73005135
              ],
              [
                -153.82915864,
                1.73336735
              ],
              [
                -153.87781864,
                2.31151735
              ],
              [
                -153.87868264,
                2.31478335
              ],
              [
                -153.87881364,
                2.31634635
              ],
              [
                -154.02710364,
                2.87738936
              ],
              [
                -154.02743064,
                2.87809835
              ],
              [
                -154.02808664,
                2.88058036
              ],
              [
                -154.02879164,
                2.88210636
              ],
              [
                -154.02908664,
                2.88322136
              ],
              [
                -154.02959864,
                2.88432935
              ],
              [
                -154.03008564,
                2.88617136
              ],
              [
                -154.03082464,
                2.88776936
              ],
              [
                -154.03107064,
                2.88870236
              ],
              [
                -154.03148364,
                2.88959535
              ],
              [
                -154.03206964,
                2.89181335
              ],
              [
                -154.27567164,
                3.41873236
              ],
              [
                -154.27653514,
                3.42006386
              ],
              [
                -154.37561964,
                3.56257436
              ],
              [
                -154.40915264,
                3.63511936
              ],
              [
                -154.41140164,
                3.63835036
              ],
              [
                -154.41214764,
                3.63996536
              ],
              [
                -154.545261,
                3.8533
              ],
              [
                -154.750614,
                4.83678333
              ],
              [
                -154.749233,
                4.84504167
              ],
              [
                -154.747919,
                4.85331111
              ],
              [
                -154.746675,
                4.86159167
              ],
              [
                -154.7455,
                4.86988056
              ],
              [
                -154.744392,
                4.87818056
              ],
              [
                -154.743353,
                4.88649167
              ],
              [
                -154.742386,
                4.89480833
              ],
              [
                -154.741486,
                4.90313333
              ],
              [
                -154.740656,
                4.91146667
              ],
              [
                -154.739894,
                4.91980556
              ],
              [
                -154.739203,
                4.92815
              ],
              [
                -154.738581,
                4.9365
              ],
              [
                -154.738028,
                4.94485556
              ],
              [
                -154.737544,
                4.95321667
              ],
              [
                -154.737128,
                4.96158056
              ],
              [
                -154.736786,
                4.96994722
              ],
              [
                -154.736508,
                4.97831389
              ],
              [
                -154.736303,
                4.98668611
              ],
              [
                -154.736167,
                4.99505833
              ],
              [
                -154.7361,
                5.00343333
              ],
              [
                -154.736103,
                5.01180556
              ],
              [
                -154.736178,
                5.02018056
              ],
              [
                -154.736317,
                5.02855278
              ],
              [
                -154.736528,
                5.03692222
              ],
              [
                -154.736811,
                5.04529167
              ],
              [
                -154.737161,
                5.05365833
              ],
              [
                -154.737583,
                5.06202222
              ],
              [
                -154.738072,
                5.07038056
              ],
              [
                -154.738631,
                5.07873611
              ],
              [
                -154.739261,
                5.08708611
              ],
              [
                -154.739958,
                5.09543056
              ],
              [
                -154.740725,
                5.10376944
              ],
              [
                -154.741561,
                5.1121
              ],
              [
                -154.742467,
                5.120425
              ],
              [
                -154.743442,
                5.12874167
              ],
              [
                -154.744486,
                5.13705
              ],
              [
                -154.7456,
                5.14535
              ],
              [
                -154.746781,
                5.15363889
              ],
              [
                -154.748031,
                5.16191667
              ],
              [
                -154.749353,
                5.17018611
              ],
              [
                -154.750742,
                5.17844444
              ],
              [
                -154.752197,
                5.18668889
              ],
              [
                -154.753725,
                5.19492222
              ],
              [
                -154.755317,
                5.20314167
              ],
              [
                -154.756981,
                5.21134722
              ],
              [
                -154.783136,
                5.337525
              ],
              [
                -154.784864,
                5.34571667
              ],
              [
                -154.786664,
                5.35389444
              ],
              [
                -154.788528,
                5.36205833
              ],
              [
                -154.790461,
                5.37020278
              ],
              [
                -154.792461,
                5.37833333
              ],
              [
                -154.794528,
                5.38644722
              ],
              [
                -154.796664,
                5.39454167
              ],
              [
                -154.798867,
                5.40261944
              ],
              [
                -154.801139,
                5.41067778
              ],
              [
                -154.803475,
                5.41871944
              ],
              [
                -154.805878,
                5.42673889
              ],
              [
                -154.80835,
                5.43473889
              ],
              [
                -154.810886,
                5.44271667
              ],
              [
                -154.813489,
                5.45067222
              ],
              [
                -154.816158,
                5.45860833
              ],
              [
                -154.818894,
                5.46651944
              ],
              [
                -154.821697,
                5.47441111
              ],
              [
                -154.824561,
                5.482275
              ],
              [
                -154.827494,
                5.49011667
              ],
              [
                -154.830492,
                5.49793333
              ],
              [
                -154.833553,
                5.505725
              ],
              [
                -154.836681,
                5.51348889
              ],
              [
                -154.839872,
                5.52122778
              ],
              [
                -154.843128,
                5.52894167
              ],
              [
                -154.846447,
                5.536625
              ],
              [
                -154.849831,
                5.54428056
              ],
              [
                -154.853278,
                5.55191111
              ],
              [
                -154.856792,
                5.55950833
              ],
              [
                -154.860364,
                5.56707778
              ],
              [
                -154.864003,
                5.57461667
              ],
              [
                -154.8677,
                5.582125
              ],
              [
                -154.871464,
                5.58960278
              ],
              [
                -154.875286,
                5.59704722
              ],
              [
                -154.879172,
                5.60446389
              ],
              [
                -154.883119,
                5.61184444
              ],
              [
                -154.887131,
                5.61919167
              ],
              [
                -154.8912,
                5.62650556
              ],
              [
                -154.895331,
                5.63378333
              ],
              [
                -154.899525,
                5.64103056
              ],
              [
                -154.903775,
                5.64823889
              ],
              [
                -154.908086,
                5.65541389
              ],
              [
                -154.912458,
                5.66255
              ],
              [
                -154.916889,
                5.66965
              ],
              [
                -154.921378,
                5.67671667
              ],
              [
                -154.925925,
                5.68374167
              ],
              [
                -154.930533,
                5.69072778
              ],
              [
                -154.935197,
                5.69767778
              ],
              [
                -154.939922,
                5.70458611
              ],
              [
                -154.9447,
                5.71145556
              ],
              [
                -154.949539,
                5.71828611
              ],
              [
                -154.954431,
                5.725075
              ],
              [
                -154.959383,
                5.731825
              ],
              [
                -154.964389,
                5.73853056
              ],
              [
                -154.96945,
                5.74519444
              ],
              [
                -154.974569,
                5.75181667
              ],
              [
                -154.979742,
                5.75839444
              ],
              [
                -154.984967,
                5.76493056
              ],
              [
                -154.99025,
                5.77141944
              ],
              [
                -154.995583,
                5.77786667
              ],
              [
                -155.000972,
                5.78426944
              ],
              [
                -155.006414,
                5.79062778
              ],
              [
                -155.011911,
                5.79693889
              ],
              [
                -155.017456,
                5.80320278
              ],
              [
                -155.023058,
                5.80942222
              ],
              [
                -155.028708,
                5.81559167
              ],
              [
                -155.034411,
                5.82171667
              ],
              [
                -155.040164,
                5.82779444
              ],
              [
                -155.045967,
                5.83381944
              ],
              [
                -155.051819,
                5.8398
              ],
              [
                -155.057725,
                5.84573056
              ],
              [
                -155.063678,
                5.85161111
              ],
              [
                -155.069678,
                5.85744167
              ],
              [
                -155.075728,
                5.86322222
              ],
              [
                -155.081825,
                5.86895
              ],
              [
                -155.087969,
                5.87462778
              ],
              [
                -155.094164,
                5.88025556
              ],
              [
                -155.100406,
                5.88583056
              ],
              [
                -155.106692,
                5.89135556
              ],
              [
                -155.113022,
                5.896825
              ],
              [
                -155.119397,
                5.90224167
              ],
              [
                -155.125819,
                5.90760278
              ],
              [
                -155.132286,
                5.91291389
              ],
              [
                -155.1388,
                5.91816944
              ],
              [
                -155.145353,
                5.92336944
              ],
              [
                -155.151947,
                5.92851389
              ],
              [
                -155.158589,
                5.93360556
              ],
              [
                -155.165272,
                5.93863889
              ],
              [
                -155.171994,
                5.94361667
              ],
              [
                -155.178761,
                5.94854167
              ],
              [
                -155.185567,
                5.95340556
              ],
              [
                -155.192414,
                5.95821667
              ],
              [
                -155.1993,
                5.96296667
              ],
              [
                -155.206228,
                5.96766111
              ],
              [
                -155.213194,
                5.97229722
              ],
              [
                -155.220194,
                5.97687222
              ],
              [
                -155.227239,
                5.98139167
              ],
              [
                -155.234317,
                5.98585
              ],
              [
                -155.241431,
                5.99025
              ],
              [
                -155.248583,
                5.99459167
              ],
              [
                -155.255772,
                5.99887222
              ],
              [
                -155.262997,
                6.00309444
              ],
              [
                -155.270256,
                6.00725278
              ],
              [
                -155.27755,
                6.01135278
              ],
              [
                -155.284878,
                6.01539167
              ],
              [
                -155.292242,
                6.01936944
              ],
              [
                -155.299633,
                6.02328333
              ],
              [
                -155.307061,
                6.02713611
              ],
              [
                -155.314517,
                6.03092778
              ],
              [
                -155.322006,
                6.03465556
              ],
              [
                -155.329528,
                6.03832222
              ],
              [
                -155.337078,
                6.041925
              ],
              [
                -155.344658,
                6.04546389
              ],
              [
                -155.352267,
                6.04894167
              ],
              [
                -155.359906,
                6.05235278
              ],
              [
                -155.367572,
                6.05570278
              ],
              [
                -155.375267,
                6.05898611
              ],
              [
                -155.382989,
                6.06220556
              ],
              [
                -155.761639,
                6.21784444
              ],
              [
                -155.769389,
                6.22100278
              ],
              [
                -155.777164,
                6.22409444
              ],
              [
                -155.784964,
                6.22712222
              ],
              [
                -155.792792,
                6.23008611
              ],
              [
                -155.800644,
                6.23298333
              ],
              [
                -155.808517,
                6.23581389
              ],
              [
                -155.816417,
                6.23857778
              ],
              [
                -155.824336,
                6.24127778
              ],
              [
                -156.488297,
                6.99148333
              ],
              [
                -156.490006,
                6.99968056
              ],
              [
                -156.491778,
                7.00786389
              ],
              [
                -156.493622,
                7.01603056
              ],
              [
                -156.495531,
                7.02418611
              ],
              [
                -156.497511,
                7.03232222
              ],
              [
                -156.499558,
                7.04044167
              ],
              [
                -156.501675,
                7.04854167
              ],
              [
                -156.503856,
                7.05662778
              ],
              [
                -156.506106,
                7.06469444
              ],
              [
                -156.508419,
                7.07274167
              ],
              [
                -156.510806,
                7.08076667
              ],
              [
                -156.513256,
                7.088775
              ],
              [
                -156.515772,
                7.09676111
              ],
              [
                -156.518358,
                7.10472778
              ],
              [
                -156.521008,
                7.11266944
              ],
              [
                -156.523725,
                7.12059167
              ],
              [
                -156.526508,
                7.12849167
              ],
              [
                -156.529358,
                7.13636667
              ],
              [
                -156.532272,
                7.14421667
              ],
              [
                -156.535253,
                7.15204167
              ],
              [
                -156.538297,
                7.15984444
              ],
              [
                -156.541408,
                7.16761944
              ],
              [
                -156.544581,
                7.17536667
              ],
              [
                -156.547822,
                7.18309167
              ],
              [
                -156.551128,
                7.19078611
              ],
              [
                -156.554494,
                7.19845278
              ],
              [
                -156.557928,
                7.20609167
              ],
              [
                -156.561425,
                7.21370278
              ],
              [
                -156.564983,
                7.22128333
              ],
              [
                -156.568608,
                7.22883333
              ],
              [
                -156.572292,
                7.23635556
              ],
              [
                -156.576042,
                7.24384444
              ],
              [
                -156.579853,
                7.25130278
              ],
              [
                -156.583725,
                7.25872778
              ],
              [
                -156.587661,
                7.26612222
              ],
              [
                -156.591658,
                7.27348056
              ],
              [
                -156.595717,
                7.28080833
              ],
              [
                -156.599836,
                7.2881
              ],
              [
                -156.604017,
                7.29535833
              ],
              [
                -156.608258,
                7.30258333
              ],
              [
                -156.612558,
                7.30976944
              ],
              [
                -156.616919,
                7.31692222
              ],
              [
                -156.621342,
                7.32403611
              ],
              [
                -156.625819,
                7.33111389
              ],
              [
                -156.630361,
                7.33815556
              ],
              [
                -156.634958,
                7.34515833
              ],
              [
                -156.639617,
                7.35212222
              ],
              [
                -156.644331,
                7.35904722
              ],
              [
                -156.649103,
                7.36593333
              ],
              [
                -156.653933,
                7.37277778
              ],
              [
                -156.658819,
                7.37958333
              ],
              [
                -156.663767,
                7.38634722
              ],
              [
                -156.668764,
                7.39306944
              ],
              [
                -156.673822,
                7.39975
              ],
              [
                -156.678933,
                7.40638889
              ],
              [
                -156.6841,
                7.41298333
              ],
              [
                -156.689322,
                7.41953611
              ],
              [
                -156.6946,
                7.42604444
              ],
              [
                -156.699931,
                7.43250833
              ],
              [
                -156.705317,
                7.43892778
              ],
              [
                -156.710756,
                7.44530278
              ],
              [
                -156.716247,
                7.45163056
              ],
              [
                -156.721792,
                7.45791389
              ],
              [
                -156.727392,
                7.46415
              ],
              [
                -156.733039,
                7.47034167
              ],
              [
                -156.738742,
                7.47648333
              ],
              [
                -156.744492,
                7.48257778
              ],
              [
                -156.750297,
                7.488625
              ],
              [
                -156.75615,
                7.49462222
              ],
              [
                -156.762053,
                7.50057222
              ],
              [
                -156.768006,
                7.50647222
              ],
              [
                -156.774008,
                7.51232222
              ],
              [
                -156.780061,
                7.51812222
              ],
              [
                -156.786161,
                7.52387222
              ],
              [
                -156.792308,
                7.52956944
              ],
              [
                -156.798503,
                7.53521667
              ],
              [
                -156.804744,
                7.54081111
              ],
              [
                -156.811036,
                7.54635556
              ],
              [
                -156.817369,
                7.55184444
              ],
              [
                -156.82375,
                7.55728333
              ],
              [
                -156.830175,
                7.56266667
              ],
              [
                -156.836647,
                7.56799722
              ],
              [
                -156.843164,
                7.57327222
              ],
              [
                -156.849722,
                7.57849444
              ],
              [
                -156.856325,
                7.58366111
              ],
              [
                -156.862975,
                7.58877222
              ],
              [
                -156.869661,
                7.59382778
              ],
              [
                -156.876392,
                7.59882778
              ],
              [
                -156.883167,
                7.60377222
              ],
              [
                -156.889981,
                7.60866111
              ],
              [
                -156.896833,
                7.61349167
              ],
              [
                -156.903728,
                7.61826389
              ],
              [
                -156.910664,
                7.62298056
              ],
              [
                -156.917639,
                7.62763889
              ],
              [
                -156.92465,
                7.63223889
              ],
              [
                -156.931703,
                7.63678056
              ],
              [
                -156.938792,
                7.64126111
              ],
              [
                -156.945914,
                7.64568333
              ],
              [
                -156.953081,
                7.65004722
              ],
              [
                -156.960278,
                7.65435
              ],
              [
                -156.967514,
                7.65859444
              ],
              [
                -156.974786,
                7.66277778
              ],
              [
                -156.982092,
                7.6669
              ],
              [
                -156.989431,
                7.67096111
              ],
              [
                -156.996803,
                7.67496111
              ],
              [
                -157.004208,
                7.6789
              ],
              [
                -157.01165,
                7.682775
              ],
              [
                -157.019122,
                7.68659167
              ],
              [
                -157.026625,
                7.69034167
              ],
              [
                -157.034158,
                7.69403056
              ],
              [
                -157.041725,
                7.69765833
              ],
              [
                -157.049319,
                7.70122222
              ],
              [
                -157.056944,
                7.70472222
              ],
              [
                -157.0646,
                7.70815833
              ],
              [
                -157.072283,
                7.71153056
              ],
              [
                -157.079994,
                7.71483889
              ],
              [
                -157.087733,
                7.71808333
              ],
              [
                -157.095497,
                7.72126111
              ],
              [
                -157.103289,
                7.72437778
              ],
              [
                -157.111106,
                7.72742778
              ],
              [
                -157.11895,
                7.73041111
              ],
              [
                -157.126817,
                7.73333056
              ],
              [
                -157.134708,
                7.73618333
              ],
              [
                -157.142625,
                7.73896944
              ],
              [
                -157.150564,
                7.74169167
              ],
              [
                -157.158525,
                7.74434722
              ],
              [
                -157.166506,
                7.74693611
              ],
              [
                -157.174511,
                7.74945833
              ],
              [
                -157.182539,
                7.75191389
              ],
              [
                -157.190583,
                7.75430278
              ],
              [
                -157.19865,
                7.756625
              ],
              [
                -157.206733,
                7.75887778
              ],
              [
                -157.214836,
                7.76106389
              ],
              [
                -157.222958,
                7.76318333
              ],
              [
                -157.231097,
                7.76523611
              ],
              [
                -157.23925,
                7.76721944
              ],
              [
                -157.247422,
                7.76913333
              ],
              [
                -157.255611,
                7.77098056
              ],
              [
                -157.263817,
                7.77276111
              ],
              [
                -157.272033,
                7.77447222
              ],
              [
                -157.280264,
                7.77611389
              ],
              [
                -157.288511,
                7.77768611
              ],
              [
                -157.296767,
                7.77919167
              ],
              [
                -157.305039,
                7.78062778
              ],
              [
                -157.313322,
                7.78199444
              ],
              [
                -157.321617,
                7.78329444
              ],
              [
                -157.329919,
                7.78452222
              ],
              [
                -157.338233,
                7.78568333
              ],
              [
                -157.346558,
                7.78677222
              ],
              [
                -157.354889,
                7.78779444
              ],
              [
                -157.363231,
                7.78874444
              ],
              [
                -157.371581,
                7.78962778
              ],
              [
                -157.379936,
                7.79043889
              ],
              [
                -157.3883,
                7.79118333
              ],
              [
                -157.396667,
                7.79185556
              ],
              [
                -157.405042,
                7.79245833
              ],
              [
                -157.413422,
                7.79299444
              ],
              [
                -157.421803,
                7.79345556
              ],
              [
                -157.430189,
                7.79385278
              ],
              [
                -157.438575,
                7.794175
              ],
              [
                -157.446969,
                7.79443056
              ],
              [
                -157.455361,
                7.79461389
              ],
              [
                -157.463756,
                7.79472778
              ],
              [
                -157.47215,
                7.79477222
              ],
              [
                -157.480544,
                7.79474722
              ],
              [
                -157.833228,
                7.79095278
              ],
              [
                -157.841622,
                7.79078611
              ],
              [
                -157.850017,
                7.79055
              ],
              [
                -157.858406,
                7.79024722
              ],
              [
                -157.866794,
                7.78986944
              ],
              [
                -157.875178,
                7.789425
              ],
              [
                -157.883556,
                7.78891111
              ],
              [
                -157.891931,
                7.78832778
              ],
              [
                -157.9003,
                7.78767222
              ],
              [
                -157.908664,
                7.78695
              ],
              [
                -157.917019,
                7.78615556
              ],
              [
                -157.925369,
                7.78529167
              ],
              [
                -157.933714,
                7.78436111
              ],
              [
                -157.942047,
                7.78335833
              ],
              [
                -157.950372,
                7.78228611
              ],
              [
                -157.958692,
                7.78114444
              ],
              [
                -157.966997,
                7.77993611
              ],
              [
                -157.975294,
                7.77865556
              ],
              [
                -157.983578,
                7.77730833
              ],
              [
                -157.991853,
                7.77589167
              ],
              [
                -158.000114,
                7.77440556
              ],
              [
                -158.008364,
                7.77285
              ],
              [
                -158.0166,
                7.77122778
              ],
              [
                -158.024819,
                7.76953333
              ],
              [
                -158.033028,
                7.767775
              ],
              [
                -158.041219,
                7.76594444
              ],
              [
                -158.049397,
                7.76405
              ],
              [
                -158.057556,
                7.76208333
              ],
              [
                -158.0657,
                7.76005
              ],
              [
                -158.073825,
                7.75795
              ],
              [
                -158.081933,
                7.75578056
              ],
              [
                -158.090025,
                7.75354722
              ],
              [
                -158.098097,
                7.75124167
              ],
              [
                -158.102683,
                7.74989167
              ],
              [
                -159.08957834,
                7.79794191
              ]
            ]
          ]
        ]
      }
    }
  ]
}
